Review item,Evidence to retain,Status,Responsible person,Review date
Guest stays,Booking exports and actual rental periods,,,
Personal use,Owner and family calendar with use classification,,,
Owner and spouse work,Separate person/task entries and corroboration,,,
Outside individuals,"Manager, cleaner and vendor task reports",,,
Activity definition,Property ownership and any professional grouping analysis,,,
Asset records,"Closing file, land support, furnishings and improvement invoices",,,
Prior depreciation,"Asset schedule, return history and elections",,,
Tax limitations,"Professional basis, at-risk and loss-usability review",,,
Implementation handoff,"Named preparer, report reconciliation and due date",,,
