Service or decision,Question to confirm,Firm A response,Firm A included or separate fee,Firm A source and date,Firm B response,Firm B included or separate fee,Firm B source and date,Firm C response,Firm C included or separate fee,Firm C source and date
Initial strategy,"Written plan, alternatives, assumptions and delivery date",,,,,,,,,
Implementation,Who performs each action and who confirms completion,,,,,,,,,
Entity returns,"Entity count, states, preparer and separate fees",,,,,,,,,
Personal return,"Owner return, K-1 coordination, states and separate fees",,,,,,,,,
Prior-year review,"Years, correction procedure, amendments and separate fees",,,,,,,,,
Cost segregation,"Study methodology, report reviewer and property-specific fee",,,,,,,,,
Study implementation,"Depreciation reconciliation, Form 3115 responsibility and fee",,,,,,,,,
Bookkeeping and payroll,Who changes the books or payroll and what is excluded,,,,,,,,,
Ongoing access,"Advisor contact, meeting cadence and response expectations",,,,,,,,,
Future work,"Required renewal, optional scope and separate annual returns",,,,,,,,,
Examination support,"Exactly which questions, notices or examinations are covered",,,,,,,,,
Full price,"First-year total, future-year total, installments and cancellation terms",,,,,,,,,
