1	/blog/is-cost-segregation-worth-it/	Is Cost Segregation Worth It for a Rental Property?
2	/cost-segregation-study-cost-pricing/	Cost Segregation Study Pricing
3	/blog/cost-segregation-study-audit-ready-deliverables/	What Does a Residential Cost Segregation Study Include?
4	/cost-segregation-study-timeline-process/	How Long Does a Cost Segregation Study Take?
5	/cost-segregation-documents-checklist/	Documents Needed for a Cost Segregation Study
6	/blog/when-to-order-cost-segregation-study/	When Should You Order a Cost Segregation Study?
7	/blog/cost-segregation-deduction-usability/	Can You Use Your Cost Segregation Deduction This Year?
8	/cost-segregation-cpa-coordination/	What Happens After a Cost Segregation Study Is Finished?
9	/cost-segregation-when-it-works-when-it-doesnt-and-how-to-decide/	When Cost Segregation May Not Be Worth It
10	/blog/cost-segregation-report-basis-reconciliation/	How to Read a Cost Segregation Report
11	/blog/cost-segregation-sfr-buy-and-hold-rentals/	Cost Segregation for Single-Family Rentals
12	/blog/cost-segregation-duplex-triplex-fourplex/	Cost Segregation for Duplexes, Triplexes, and Fourplexes
13	/blog/cost-segregation-small-multifamily-5-20-units/	Cost Segregation for Small Apartment Buildings
14	/blog/cost-segregation-condos-townhomes/	Cost Segregation for Condos and Townhomes
15	/blog/cost-segregation-vacation-rental-cabins/	Cost Segregation for Vacation Rental Cabins
16	/blog/cost-segregation-beach-rentals/	Cost Segregation for Beach Rental Properties
17	/blog/mid-term-rental-tax-strategy-30-day/	Cost Segregation for Furnished Mid-Term Rentals
18	/blog/cost-segregation-new-construction-vs-existing/	Cost Segregation for Newly Constructed Rentals
19	/blog/cost-segregation-value-add-multifamily-renovation/	Cost Segregation After a Rental Renovation
20	/blog/cost-segregation-single-family-rental-portfolios/	Cost Segregation for a Residential Rental Portfolio
21	/short-term-rental-tax-strategy/	Short-Term Rental Tax Planning: A Practical Guide
22	/material-participation-short-term-rental-7-day-rule/	The Seven-Day Average-Stay Rule Explained
23	/str-material-participation/	Material Participation for Short-Term Rental Owners
24	/blog/how-to-track-material-participation-hours-for-str/	How to Document Short-Term Rental Participation Hours
25	/blog/str-property-manager-co-host-material-participation/	Can You Use a Property Manager and Still Materially Participate?
26	/blog/str-spouse-cohost-material-participation-hours/	Spousal Participation in a Short-Term Rental
27	/blog/rental-property-partial-personal-use/	Personal Use of a Short-Term Rental
28	/blog/str-placed-in-service-year-end-timeline/	Buying and Furnishing an STR Near Year-End
29	/short-term-rental-tax-loophole-2026/	Short-Term Rental Tax Planning for W-2 Earners
30	/blog/first-year-investor-guide-tax-optimized-real-estate/	First-Year Short-Term Rental Tax Checklist
31	/long-term-rental-tax-planning/	Long-Term Rental Tax Planning: A Practical Guide
32	/rental-losses-and-passive-activity-rules-why-your-tax-loss-might-not-reduce-taxes-yet/	Why Rental Losses May Not Reduce Your Current Tax Bill
33	/reps-real-estate-professional-status/	Real Estate Professional Status: Qualification and Documentation
34	/blog/grouping-elections-real-estate-irc-469/	Rental Real Estate Grouping Elections
35	/tax-loss-carryforward-prior-year-losses-reduce-taxes/	What Happens to Suspended Rental Losses?
36	/blog/what-repairs-vs-improvements-can-i-deduct-on-rental-property/	Repair or Improvement? Rental Property Expense Decisions
37	/blog/convert-primary-residence-to-rental-property/	Converting a Primary Residence Into a Rental
38	/blog/rental-property-family-below-market-rent/	Renting a Property to Family Members
39	/str-vs-ltr-tax-treatment/	Tax Planning When You Own Both STRs and LTRs
40	/blog/year-end-tax-planning-checklist-real-estate-investors/	Year-End Tax Checklist for Long-Term Rental Owners
41	/amended-return-vs-form-3115/	Missed Rental Depreciation: Form 3115 or an Amended Return?
42	/catch-up-depreciation-section-481a/	What Is a Section 481(a) Depreciation Adjustment?
43	/blog/can-i-do-a-cost-segregation-study-on-a-property-i-already-own/	Cost Segregation on a Property Purchased Years Ago
44	/blog/missing-rental-depreciation-schedule/	Your Rental Depreciation Schedule Is Missing: What Next?
45	/wrong-rental-depreciation-basis/	Correcting the Wrong Depreciable Basis on a Rental
46	/blog/rental-property-land-value-allocation/	Correcting Land and Building Allocations
47	/blog/rental-furniture-double-counted-depreciation/	Preventing Double-Counted Furniture and Improvements
48	/blog/amendment-recovery-what-a-three-year-lookback-finds/	What a Prior-Year Tax Return Review Can Find
49	/blog/statute-of-limitations-tax-amendments/	How Far Back Can a Tax Return Be Corrected?
50	/blog/what-happens-if-i-never-took-depreciation-on-my-rental/	What Happens If You Never Claimed Rental Depreciation?
51	/blog/rental-property-closing-costs-basis/	Which Rental Purchase Closing Costs Affect Tax Basis?
52	/blog/rental-purchase-seller-credits-basis/	How Seller Credits Affect Rental Property Basis
53	/blog/can-i-deduct-furniture-and-supplies-for-my-airbnb/	Furniture and Appliance Depreciation for Rental Owners
54	/blog/bonus-depreciation-2025-2026-real-estate-investors/	Bonus Depreciation for Rental Property Owners
55	/section-179-vs-bonus-depreciation-2026/	Section 179 Versus Bonus Depreciation for Rental Assets
56	/blog/what-happens-to-depreciation-when-i-sell-after-cost-segregation/	Depreciation Recapture After Cost Segregation
57	/cost-segregation-before-selling-property/	Should You Do Cost Segregation Before Selling a Rental?
58	/blog/rental-property-selling-costs-gain/	Selling a Rental: Taxable Gain Versus Cash at Closing
59	/blog/cost-segregation-vs-1031-exchange/	1031 Exchanges After a Cost Segregation Study
60	/blog/rental-property-gifted-property-basis/	Inherited and Gifted Rental Property: Basis Differences
61	/real-estate-tax-planning/	Tax Planning for Business Owners Who Also Own Rentals
62	/blog/business-premises-separate-property-entity/	Owning Your Business Premises Through a Separate Entity
63	/blog/self-rental-rules-business-rents-from-you/	Self-Rental Rules for Business Owners
64	/blog/rental-losses-offset-business-income/	Can Rental Losses Offset Business Income?
65	/blog/review-business-rental-tax-return-before-signing/	Coordinating Your Business and Rental Tax Returns
66	/blog/rental-real-estate-s-corporation/	Why Rental Real Estate in an S Corporation Needs Careful Review
67	/blog/c-corp-real-estate-investment-strategy/	C Corporations and Rental Property Ownership
68	/blog/buying-building-for-business-before-closing/	Buying a Building for Your Business: Tax Planning Before Closing
69	/blog/cost-segregation-owner-occupied-practice-buildings/	Cost Segregation for an Owner-Occupied Business Property
70	/year-end-tax-planning-checklist/	Year-End Planning Across a Business and Rental Portfolio
71	/tax-planning-vs-tax-preparation/	Tax Planning Versus Tax Preparation
72	/blog/what-written-tax-plan-should-include/	What Should a Written Tax Plan Include?
73	/s-corp-vs-c-corp-vs-llc/	S Corporation Versus C Corporation for a Profitable Business
74	/reasonable-compensation/	Reasonable Compensation for S Corporation Owners
75	/accountable-plan/	Accountable Plans for Business Owners
76	/blog/home-office-deduction-s-corp-owners/	Home Office Expenses for S Corporation Owners
77	/augusta-rule-business-owners/	The Augusta Rule for Business Owners
78	/retirement-plan-tax-strategy-business-owners/	Retirement Plan Options for Profitable Business Owners
79	/s-corp-qbi-deduction-maximization/	QBI Deduction Planning for Business Owners
80	/year-round-business-tax-planning/	Quarterly Tax Planning Checklist for Business Owners
81	/blog/how-to-evaluate-cost-segregation-study/	Questions to Ask Before Hiring a Cost Segregation Firm
82	/blog/cost-segregation-quote-checklist/	What Your Cost Segregation Quote Should Include
83	/compare/best-cost-segregation-companies/	Best Cost Segregation Providers for Residential Rental Owners
84	/compare/diy-cost-segregation-vs-ae-tax/	Cost Segregation Software Versus a Professional Study
85	/ae-tax-vs-cost-seg-only-firms/	A Standalone Cost Segregation Study Versus Coordinated Tax Implementation
86	/blog/5-signs-cpa-doesnt-understand-real-estate-tax/	How to Choose a CPA for a Short-Term Rental
87	/compare/best-tax-advisors-real-estate/	How to Choose a Tax Advisor for a Business and Rental Portfolio
88	/compare/best-proactive-tax-advisory-firms/	Best Tax Advisory Firms for Business Owners
89	/compare/proactive-tax-advisor-pricing-guide/	Tax Advisor Pricing: How to Compare Engagements
90	/signs-your-cpa-is-underserving-you/	Signs You Need More Than Annual Tax Preparation
91	/case-studies/str-lake-house-cost-seg/	Residential STR Cost Segregation Worked Example
92	/case-studies/real-estate-professional-grouping-election/	Long-Term Rental Cost Segregation Worked Example
93	/case-studies/real-estate-agent-investment-portfolio/	Business Owner With Rental Properties Worked Example
94	/case-studies/str-form-3115-catchup/	Missed Depreciation Correction Worked Example
95	/case-studies/str-portfolio-five-properties/	Residential Rental Portfolio Worked Example
96	/case-studies/consultant-six-figure-s-corp/	S Corporation Owner Tax Planning Worked Example
97	/blog/changing-tax-preparer-business-rental-carryforward-records/	Switching CPAs: A Business and Rental Owner Checklist
98	/blog/discovery-call-what-to-expect-ae-tax/	Preparing for Your First Tax Advisory Call
99	/blog/tax-plan-not-implemented-next-steps/	Your Tax Plan Has Not Been Implemented: What to Do
100	/blog/tax-strategy-to-filed-return-process/	From Tax Strategy to Filed Return: The Implementation Process
