slug,url,industry,annualTaxSavings,headlineOutcome,keyMetric
airbnb-arbitrage-operator-business-expense-optimization,https://www.aetaxadvisors.com/case-studies/airbnb-arbitrage-operator-business-expense-optimization/,Short-Term Rental Arbitrage (Airbnb & VRBO),38000,"$38,000","15 leased units, no property ownership, net income $185K, average 7-day stay"
auto-dealership-cost-seg-fleet-depreciation,https://www.aetaxadvisors.com/case-studies/auto-dealership-cost-seg-fleet-depreciation/,Automotive Dealership Group (3 Locations),187000,"$187,000","$4.2M combined building basis, 85-vehicle demo/service fleet"
construction-company-equipment-depreciation-entity-layering,https://www.aetaxadvisors.com/case-studies/construction-company-equipment-depreciation-entity-layering/,Commercial Construction,156000,"$156,000","$620,000 in equipment purchases"
dental-practice-cost-seg-entity-restructuring,https://www.aetaxadvisors.com/case-studies/dental-practice-cost-seg-entity-restructuring/,Dental Practice (General & Cosmetic),94000,"$94,000","$1.1M building basis, owner age 54"
ecommerce-amazon-fba-s-corp,https://www.aetaxadvisors.com/case-studies/ecommerce-amazon-fba-s-corp/,E-Commerce (Amazon FBA),58000,"$58,000",S-Corp saves $34K in SE tax; inventory method change defers $24K
ecommerce-dropship-multistate,https://www.aetaxadvisors.com/case-studies/ecommerce-dropship-multistate/,E-Commerce (Dropshipping),31000,"$31,000",State filings reduced from 12 to 4; entity restructured to S-Corp
ecommerce-sole-prop-to-s-corp-entity-restructuring,https://www.aetaxadvisors.com/case-studies/ecommerce-sole-prop-to-s-corp-entity-restructuring/,E-Commerce (Direct-to-Consumer),47000,"$47,000",Net profit margin: 32%
fix-and-flip-dealer-vs-investor-classification,https://www.aetaxadvisors.com/case-studies/fix-and-flip-dealer-vs-investor-classification/,Real Estate (Fix-and-Flip),67000,"$67,000","$1.8M annual flip revenue, $420K net"
four-llc-consolidation-management-company,https://www.aetaxadvisors.com/case-studies/four-llc-consolidation-management-company/,"Multi-Business (Landscaping, Property Mgmt, Equipment Rental, Cleaning)",78000,"$78,000",$480K combined net income across entities
franchise-owner-seven-locations-centralized-planning,https://www.aetaxadvisors.com/case-studies/franchise-owner-seven-locations-centralized-planning/,Quick-Service Restaurant Franchise (7 locations),134000,"$134,000","120+ employees, 3 owned buildings"
freelancer-home-office-vehicle,https://www.aetaxadvisors.com/case-studies/freelancer-home-office-vehicle/,Freelance Graphic/UX Design,18000,"$18,000",Home office + Section 179 SUV + SEP-IRA = $18K annual savings
hotel-boutique-investor-cost-seg-ffe-energy-credits,https://www.aetaxadvisors.com/case-studies/hotel-boutique-investor-cost-seg-ffe-energy-credits/,"Boutique Hotel (32 Rooms, Full-Service)",155000,"$155,000","$5.2M property basis, $680K FF&E, 32 rooms, RevPAR $185"
husband-wife-three-businesses-joint-optimization,https://www.aetaxadvisors.com/case-studies/husband-wife-three-businesses-joint-optimization/,Dental Practice + Real Estate + E-Commerce,91000,"$91,000","Combined household income $780K, 3 active businesses, both spouses active, ages 49 and 47"
insurance-agency-commission-entity-optimization,https://www.aetaxadvisors.com/case-studies/insurance-agency-commission-entity-optimization/,Insurance Agency (Property & Casualty),54000,"$54,000","Owner income $520K, 8 licensed agents, $1.4M commission income"
international-business-owner-treaty-planning-gilti,https://www.aetaxadvisors.com/case-studies/international-business-owner-treaty-planning-gilti/,International Software Development & IT Services,136000,"$136,000","$1.6M foreign subsidiary income, operations in US, UK, and India, 45 employees globally"
landscaping-contractor-section-179-stacking,https://www.aetaxadvisors.com/case-studies/landscaping-contractor-section-179-stacking/,Landscaping & General Contracting,49000,"$49,000","Owner income $285K, 14 employees, $380K equipment fleet"
law-firm-partner-s-corp-cash-balance-plan,https://www.aetaxadvisors.com/case-studies/law-firm-partner-s-corp-cash-balance-plan/,Law Firm (Litigation Practice),95000,"$95,000","Partner age 52, net income $980K, 3 associates"
ltr-section-1250-recapture-planning,https://www.aetaxadvisors.com/case-studies/ltr-section-1250-recapture-planning/,Long-Term Rental Portfolio,127000,"$127,000",$127K in taxes deferred via 1031 exchange; recapture exposure managed
manufacturing-company-rd-credit-macrs,https://www.aetaxadvisors.com/case-studies/manufacturing-company-rd-credit-macrs/,Precision Manufacturing (Aerospace Components),142000,"$142,000","$1.2M annual R&D spend, $2.8M equipment basis, 65 employees"
marketing-agency-home-office-augusta-rule-s-corp,https://www.aetaxadvisors.com/case-studies/marketing-agency-home-office-augusta-rule-s-corp/,Digital Marketing Agency (Social Media & Content),41000,"$41,000","Owner income $410K, 1,800 sq ft home office, 6 contractors"
medical-practice-c-corp-retirement-stacking,https://www.aetaxadvisors.com/case-studies/medical-practice-c-corp-retirement-stacking/,Medical Practice (Orthopedic Surgery),89000,"$89,000","Owner compensation: $680,000"
mobile-home-park-cost-seg-infrastructure,https://www.aetaxadvisors.com/case-studies/mobile-home-park-cost-seg-infrastructure/,Mobile Home Park (Manufactured Housing Community),98000,"$98,000","120 pads, $2.8M acquisition basis, 92% occupancy, $34K/pad average lot rent"
multi-entity-family-income-splitting,https://www.aetaxadvisors.com/case-studies/multi-entity-family-income-splitting/,Property Management + Cleaning Services,39000,"$39,000",Income shifted to 4 family members; combined bracket reduction + retirement
multi-entity-holding-company,https://www.aetaxadvisors.com/case-studies/multi-entity-holding-company/,"Multi-Business (Fitness, Supplements, Apparel, Digital Media)",54000,"$54,000",4 entities consolidated under holding S-Corp; single retirement plan
multi-entity-real-estate-operating,https://www.aetaxadvisors.com/case-studies/multi-entity-real-estate-operating/,Physical Therapy Practice + Rental Portfolio,83000,"$83,000",Self-rental recharacterization + REPS + management company = $83K savings
nonprofit-founder-for-profit-entities-related-party,https://www.aetaxadvisors.com/case-studies/nonprofit-founder-for-profit-entities-related-party/,Nonprofit Education Foundation + For-Profit Training & Consulting,78000,"$78,000","Founder salary $220K, $950K consulting revenue, shared facilities, 28 employees across entities"
partnership-to-s-corp,https://www.aetaxadvisors.com/case-studies/partnership-to-s-corp/,Management Consulting (Partnership),36000,"$36,000",SE tax reduced by $36K combined ($18K per partner)
physician-reps-qualification-cost-seg-combo,https://www.aetaxadvisors.com/case-studies/physician-reps-qualification-cost-seg-combo/,Medicine (Emergency Physician) + Real Estate Investments,112000,"$112,000","Physician spouse managing 8 rental units, $2.6M RE portfolio, combined income $860K"
physician-w2-str-reps,https://www.aetaxadvisors.com/case-studies/physician-w2-str-reps/,Physician (W-2) + STR Portfolio,89000,"$89,000",Spousal REPS + 3 STR cost seg studies = $89K annual savings
private-medical-practice-c-corp-defined-benefit,https://www.aetaxadvisors.com/case-studies/private-medical-practice-c-corp-defined-benefit/,Private Medical Practice (Orthopedic Surgery),168000,"$168,000","4 physician-partners, average income $680K each, 22 staff"
professional-athlete-entity-setup-real-estate-offset,https://www.aetaxadvisors.com/case-studies/professional-athlete-entity-setup-real-estate-offset/,Professional Sports (NFL) + Real Estate Investments,174000,"$174,000","$3M income, $1.8M real estate portfolio, 4 rental properties, career window 5-7 years"
real-estate-broker-team-entity,https://www.aetaxadvisors.com/case-studies/real-estate-broker-team-entity/,Real Estate Brokerage,52000,"$52,000",Commission restructured through S-Corp; group health plan added
restaurant-cost-seg-tip-credit,https://www.aetaxadvisors.com/case-studies/restaurant-cost-seg-tip-credit/,Restaurant (2 Locations),94000,"$94,000",Cost seg on 2 buildings + FICA tip credit = $94K annual savings
restaurant-group-multi-entity-optimization,https://www.aetaxadvisors.com/case-studies/restaurant-group-multi-entity-optimization/,Restaurant Group (Full-Service Dining),134000,"$134,000",85 tipped employees across locations
s-corp-late-election-relief,https://www.aetaxadvisors.com/case-studies/s-corp-late-election-relief/,Digital Marketing Agency,19000,"$19,000",Late election approved; retroactive to January 1
s-corp-multiple-businesses,https://www.aetaxadvisors.com/case-studies/s-corp-multiple-businesses/,"Multi-Business (Staffing, IT Services, Training)",67000,"$67,000",QBI deduction maximized across all entities; single retirement plan
s-corp-officer-comp-correction,https://www.aetaxadvisors.com/case-studies/s-corp-officer-comp-correction/,Professional Services (Consulting),31000,"$31,000",Officer comp ratio corrected from 3.4% to 7.3% of revenue
s-corp-payroll-setup-sole-prop,https://www.aetaxadvisors.com/case-studies/s-corp-payroll-setup-sole-prop/,Management Consulting,22000,"$22,000",Self-employment tax reduced by 62%
s-corp-qbi-threshold-optimization,https://www.aetaxadvisors.com/case-studies/s-corp-qbi-threshold-optimization/,Marketing Agency,28000,"$28,000",Taxable income reduced from $425K to $326K (below MFJ threshold)
s-corp-to-c-corp-medical,https://www.aetaxadvisors.com/case-studies/s-corp-to-c-corp-medical/,Medical Practice (Orthopedics),72000,"$72,000",Effective rate reduced from 43.3% to 29.1% through entity + benefits
saas-founder-rd-credit-s-corp-optimization,https://www.aetaxadvisors.com/case-studies/saas-founder-rd-credit-s-corp-optimization/,Software as a Service (B2B SaaS),38000,"$38,000","3 developers, $240K annual R&D spend"
self-storage-facility-cost-seg-automation,https://www.aetaxadvisors.com/case-studies/self-storage-facility-cost-seg-automation/,Self-Storage Facilities (3 Locations),126000,"$126,000","1,450 total units, $4.8M combined building basis, $420K automation equipment"
sole-prop-to-s-corp-contractor,https://www.aetaxadvisors.com/case-studies/sole-prop-to-s-corp-contractor/,General Contracting / Construction,41000,"$41,000","SE tax reduced from $44,200 to $18,400; retirement plan added"
tech-consulting-firm-ic-classification-accountable-plan,https://www.aetaxadvisors.com/case-studies/tech-consulting-firm-ic-classification-accountable-plan/,Technology Consulting (Cybersecurity & Cloud),62000,"$62,000","12 contractors, 4 W-2 employees, owner income $620K"
tech-founder-equity-comp-83b,https://www.aetaxadvisors.com/case-studies/tech-founder-equity-comp-83b/,Technology Startup (AI/ML),380000,"$380,000",83(b) election at $0.001/share; acquisition at $12/share; $380K saved
tech-startup-rd-credit-qsbs,https://www.aetaxadvisors.com/case-studies/tech-startup-rd-credit-qsbs/,SaaS / Technology Startup,45000,"$45,000",$45K annual R&D credit + $10M potential QSBS exclusion at exit
triple-net-lease-passive-income-grouping-elections,https://www.aetaxadvisors.com/case-studies/triple-net-lease-passive-income-grouping-elections/,Triple Net Lease (NNN) Commercial Real Estate,67000,"$67,000","$4M portfolio, 4 properties, NNN tenants, passive investor"
trucking-logistics-fleet-depreciation-fuel-credits,https://www.aetaxadvisors.com/case-studies/trucking-logistics-fleet-depreciation-fuel-credits/,Trucking & Logistics (Regional Freight),118000,"$118,000","42-truck fleet, $3.2M equipment basis, $680K annual fuel spend"
veterinary-practice-cost-seg-section-179,https://www.aetaxadvisors.com/case-studies/veterinary-practice-cost-seg-section-179/,Veterinary Medicine (Small Animal & Emergency),83000,"$83,000","$1.4M clinic building, $380K equipment purchases, owner age 48"
w2-couple-str-offset,https://www.aetaxadvisors.com/case-studies/w2-couple-str-offset/,W-2 Employees (Airline Pilot + Tech Executive),68000,"$68,000",$195K paper loss from STR offsets W-2 income
w2-salt-cap-ptet-workaround,https://www.aetaxadvisors.com/case-studies/w2-salt-cap-ptet-workaround/,Architectural Design Firm,23000,"$23,000",SALT deduction increased from $10K cap to $47K via PTET
