slug,brand,alternative_url,comparison_url,review_url,review_owner,comparison_action,official_source,editorial_date
tax-alchemy,Tax Alchemy,https://www.aetaxadvisors.com/compare/tax-alchemy-alternatives/,https://www.aetaxadvisors.com/compare/tax-alchemy-vs-ae-tax/,https://www.aetaxadvisors.com/compare/tax-alchemy-alternatives/#provider-review,integrated source-based review on existing alternatives page,reused canonical owner,https://taxalchemy.com/about-us/,2026-10-08
hall-cpa,Hall CPA,https://www.aetaxadvisors.com/compare/hall-cpa-alternatives/,https://www.aetaxadvisors.com/compare/hall-cpa-vs-ae-tax/,https://www.aetaxadvisors.com/compare/hall-cpa-alternatives/#provider-review,integrated source-based review on existing alternatives page,reused canonical owner,https://www.therealestatecpa.com/our-team/,2026-10-08
keystone-cpa,Keystone CPA,https://www.aetaxadvisors.com/compare/keystone-cpa-alternatives/,https://www.aetaxadvisors.com/compare/keystone-cpa-vs-ae-tax/,https://www.aetaxadvisors.com/compare/keystone-cpa-alternatives/#provider-review,integrated source-based review on existing alternatives page,reused canonical owner,https://www.keystonecpa.com/,2026-10-08
taxstra,Taxstra PLLC,https://www.aetaxadvisors.com/compare/taxstra-alternatives/,https://www.aetaxadvisors.com/compare/taxstra-vs-ae-tax/,https://www.aetaxadvisors.com/compare/taxstra-alternatives/#provider-review,integrated source-based review on existing alternatives page,reused canonical owner,https://taxstra.com/,2026-10-08
wcg-cpas,WCG CPAs,https://www.aetaxadvisors.com/compare/wcg-cpas-alternatives/,https://www.aetaxadvisors.com/compare/wcg-cpas-vs-ae-tax/,https://www.aetaxadvisors.com/compare/wcg-cpas-alternatives/#provider-review,integrated source-based review on existing alternatives page,reused canonical owner,https://wcginc.com/business-services/,2026-10-08
tax-goddess,Tax Goddess,https://www.aetaxadvisors.com/compare/tax-goddess-alternatives/,https://www.aetaxadvisors.com/compare/tax-goddess-vs-ae-tax/,https://www.aetaxadvisors.com/compare/tax-goddess-alternatives/#provider-review,integrated source-based review on existing alternatives page,reused canonical owner,https://taxgoddess.com/,2026-10-08
prime-path-advisory,Prime Path Advisory,https://www.aetaxadvisors.com/compare/prime-path-advisory-alternatives/,https://www.aetaxadvisors.com/compare/prime-path-advisory-vs-ae-tax/,https://www.aetaxadvisors.com/compare/prime-path-advisory-alternatives/#provider-review,integrated source-based review on existing alternatives page,reused canonical owner,https://primepathadvisory.com/,2026-10-08
neil-jesani-advisors,Neil Jesani Advisors,https://www.aetaxadvisors.com/compare/neil-jesani-advisors-alternatives/,https://www.aetaxadvisors.com/compare/neil-jesani-advisors-vs-ae-tax/,https://www.aetaxadvisors.com/compare/neil-jesani-advisors-alternatives/#provider-review,integrated source-based review on existing alternatives page,reused canonical owner,https://neiljesani.com/,2026-10-08
peter-holtz-cpa,Peter Holtz CPA,https://www.aetaxadvisors.com/compare/peter-holtz-cpa-alternatives/,https://www.aetaxadvisors.com/compare/peter-holtz-cpa-vs-ae-tax/,https://www.aetaxadvisors.com/compare/peter-holtz-cpa-alternatives/#provider-review,integrated source-based review on existing alternatives page,reused canonical owner,https://www.peterholtzcpa.com/,2026-10-08
rainwater-cpa,Rainwater CPA (James Rainwater CPA LLC),https://www.aetaxadvisors.com/compare/rainwater-cpa-alternatives/,https://www.aetaxadvisors.com/compare/rainwater-cpa-vs-ae-tax/,https://www.aetaxadvisors.com/compare/rainwater-cpa-alternatives/#provider-review,integrated source-based review on existing alternatives page,reused canonical owner,https://rainwatercpa.com/do-you-need-tax-planning-or-tax-preparation/,2026-10-08
p4-tax,P4 Tax,https://www.aetaxadvisors.com/compare/p4-tax-alternatives/,https://www.aetaxadvisors.com/compare/p4-tax-vs-ae-tax/,https://www.aetaxadvisors.com/compare/p4-tax-alternatives/#provider-review,integrated source-based review on existing alternatives page,reused canonical owner,https://p4taxes.com/services/,2026-10-08
delerme-cpa,Delerme CPA,https://www.aetaxadvisors.com/compare/delerme-cpa-alternatives/,https://www.aetaxadvisors.com/compare/delerme-cpa-vs-ae-tax/,https://www.aetaxadvisors.com/compare/delerme-cpa-alternatives/#provider-review,integrated source-based review on existing alternatives page,reused canonical owner,https://www.delermecpa.com/,2026-10-08
anomaly-cpa,Anomaly CPA,https://www.aetaxadvisors.com/compare/anomaly-cpa-alternatives/,https://www.aetaxadvisors.com/compare/anomaly-cpa-vs-ae-tax/,https://www.aetaxadvisors.com/compare/anomaly-cpa-alternatives/#provider-review,integrated source-based review on existing alternatives page,reused canonical owner,https://www.anomalycpa.com/,2026-10-08
anderson-advisors,Anderson Advisors,https://www.aetaxadvisors.com/compare/anderson-advisors-alternatives/,https://www.aetaxadvisors.com/compare/anderson-advisors-vs-ae-tax/,https://www.aetaxadvisors.com/compare/anderson-advisors-alternatives/#provider-review,integrated source-based review on existing alternatives page,reused canonical owner,https://andersonadvisors.com/,2026-10-08
gelt,Gelt,https://www.aetaxadvisors.com/compare/gelt-alternatives/,https://www.aetaxadvisors.com/compare/gelt-vs-ae-tax/,https://www.aetaxadvisors.com/compare/gelt-alternatives/#provider-review,integrated source-based review on existing alternatives page,reused canonical owner,https://www.joingelt.com/,2026-10-08
jasmine-dilucci,Jasmine DiLucci,https://www.aetaxadvisors.com/compare/jasmine-dilucci-alternatives/,https://www.aetaxadvisors.com/compare/jasmine-dilucci-vs-ae-tax/,https://www.aetaxadvisors.com/compare/jasmine-dilucci-alternatives/#provider-review,integrated source-based review on existing alternatives page,reused canonical owner,https://dilucci.com/,2026-10-08
creative-planning,Creative Planning,https://www.aetaxadvisors.com/compare/creative-planning-alternatives/,https://www.aetaxadvisors.com/compare/creative-planning-vs-ae-tax/,https://www.aetaxadvisors.com/compare/creative-planning-alternatives/#provider-review,integrated source-based review on existing alternatives page,reused canonical owner,https://creativeplanning.com/private-wealth-management/high-net-worth/,2026-10-08
range,Range.com,https://www.aetaxadvisors.com/compare/range-alternatives/,https://www.aetaxadvisors.com/compare/range-vs-ae-tax/,https://www.aetaxadvisors.com/compare/range-alternatives/#provider-review,integrated source-based review on existing alternatives page,reused canonical owner,https://www.range.com/pricing,2026-10-08
dark-horse-cpas,Dark Horse CPAs,https://www.aetaxadvisors.com/compare/dark-horse-cpas-alternatives/,https://www.aetaxadvisors.com/compare/dark-horse-cpas-vs-ae-tax/,https://www.aetaxadvisors.com/compare/dark-horse-cpas-alternatives/#provider-review,integrated source-based review on existing alternatives page,reused canonical owner,https://darkhorse.cpa/,2026-10-08
cerebral-tax-advisors,Cerebral Tax Advisors,https://www.aetaxadvisors.com/compare/cerebral-tax-advisors-alternatives/,https://www.aetaxadvisors.com/compare/cerebral-tax-advisors-vs-ae-tax/,https://www.aetaxadvisors.com/compare/cerebral-tax-advisors-alternatives/#provider-review,integrated source-based review on existing alternatives page,reused canonical owner,https://www.cerebraltaxadvisors.com/,2026-10-08
tara-cpa-firm,The Tara CPA Firm,https://www.aetaxadvisors.com/compare/tara-cpa-firm-vs-ae-tax/,https://www.aetaxadvisors.com/compare/tara-cpa-firm-vs-ae-tax/,https://www.aetaxadvisors.com/compare/tara-cpa-firm-vs-ae-tax/#provider-review,integrated source-based review on existing alternatives page,reused canonical owner,https://taracpafirm.com/,2026-10-08
fraim-cawley,"Fraim, Cawley & Company CPAs",https://www.aetaxadvisors.com/compare/fraim-cawley-vs-ae-tax/,https://www.aetaxadvisors.com/compare/fraim-cawley-vs-ae-tax/,https://www.aetaxadvisors.com/compare/fraim-cawley-vs-ae-tax/#provider-review,integrated source-based review on existing alternatives page,reused canonical owner,https://fraimcpa.com/,2026-10-08
wellness-fi,Wellness Fi,https://www.aetaxadvisors.com/compare/wellness-fi-vs-ae-tax/,https://www.aetaxadvisors.com/compare/wellness-fi-vs-ae-tax/,https://www.aetaxadvisors.com/compare/wellness-fi-vs-ae-tax/#provider-review,integrated source-based review on existing alternatives page,reused canonical owner,https://www.wellnessfi.com/services/,2026-10-08
taxhub,Taxhub,https://www.aetaxadvisors.com/compare/taxhub-vs-ae-tax/,https://www.aetaxadvisors.com/compare/taxhub-vs-ae-tax/,https://www.aetaxadvisors.com/compare/taxhub-vs-ae-tax/#provider-review,integrated source-based review on existing alternatives page,reused canonical owner,https://gettaxhub.com/taxservices/,2026-10-08
collective,Collective,https://www.aetaxadvisors.com/compare/collective-vs-ae-tax/,https://www.aetaxadvisors.com/compare/collective-vs-ae-tax/,https://www.aetaxadvisors.com/compare/collective-vs-ae-tax/#provider-review,integrated source-based review on existing alternatives page,reused canonical owner,https://www.collective.com/plans-and-pricing,2026-10-08
xendoo,Xendoo,https://www.aetaxadvisors.com/compare/xendoo-vs-ae-tax/,https://www.aetaxadvisors.com/compare/xendoo-vs-ae-tax/,https://www.aetaxadvisors.com/compare/xendoo-vs-ae-tax/#provider-review,integrated source-based review on existing alternatives page,reused canonical owner,https://xendoo.com/faq/,2026-10-08
pilot,Pilot,https://www.aetaxadvisors.com/compare/pilot-vs-ae-tax/,https://www.aetaxadvisors.com/compare/pilot-vs-ae-tax/,https://www.aetaxadvisors.com/compare/pilot-vs-ae-tax/#provider-review,integrated source-based review on existing alternatives page,reused canonical owner,https://pilot.com/tax,2026-10-08
decimal,Decimal,https://www.aetaxadvisors.com/compare/decimal-vs-ae-tax/,https://www.aetaxadvisors.com/compare/decimal-vs-ae-tax/,https://www.aetaxadvisors.com/compare/decimal-vs-ae-tax/#provider-review,integrated source-based review on existing alternatives page,reused canonical owner,https://www.decimal.com/services/tax,2026-10-08
fondo,Fondo,https://www.aetaxadvisors.com/compare/fondo-vs-ae-tax/,https://www.aetaxadvisors.com/compare/fondo-vs-ae-tax/,https://www.aetaxadvisors.com/compare/fondo-vs-ae-tax/#provider-review,integrated source-based review on existing alternatives page,reused canonical owner,https://www.tryfondo.com/taxpass-lp,2026-10-08
kruze-consulting,Kruze Consulting,https://www.aetaxadvisors.com/compare/kruze-consulting-vs-ae-tax/,https://www.aetaxadvisors.com/compare/kruze-consulting-vs-ae-tax/,https://www.aetaxadvisors.com/compare/kruze-consulting-vs-ae-tax/#provider-review,integrated source-based review on existing alternatives page,reused canonical owner,https://kruzeconsulting.com/startup-tax-services/,2026-10-08
heard,Heard,https://www.aetaxadvisors.com/compare/heard-vs-ae-tax/,https://www.aetaxadvisors.com/compare/heard-vs-ae-tax/,https://www.aetaxadvisors.com/compare/heard-vs-ae-tax/#provider-review,integrated source-based review on existing alternatives page,reused canonical owner,https://www.joinheard.com/pricing,2026-10-08
acuity,Acuity,https://www.aetaxadvisors.com/compare/acuity-vs-ae-tax/,https://www.aetaxadvisors.com/compare/acuity-vs-ae-tax/,https://www.aetaxadvisors.com/compare/acuity-vs-ae-tax/#provider-review,integrated source-based review on existing alternatives page,reused canonical owner,https://acuity.co/faqs/,2026-10-08
tax-hack-accounting,Tax Hack Accounting Group,https://www.aetaxadvisors.com/compare/tax-hack-accounting-vs-ae-tax/,https://www.aetaxadvisors.com/compare/tax-hack-accounting-vs-ae-tax/,https://www.aetaxadvisors.com/compare/tax-hack-accounting-vs-ae-tax/#provider-review,integrated source-based review on existing alternatives page,reused canonical owner,https://mytaxhack.com/about/,2026-10-08
jetro-associates,JETRO and Associates,https://www.aetaxadvisors.com/compare/jetro-associates-vs-ae-tax/,https://www.aetaxadvisors.com/compare/jetro-associates-vs-ae-tax/,https://www.aetaxadvisors.com/compare/jetro-associates-vs-ae-tax/#provider-review,integrated source-based review on existing alternatives page,reused canonical owner,https://jetrofitness.com/,2026-10-08
vincere-tax,Vincere Tax,https://www.aetaxadvisors.com/compare/vincere-tax-vs-ae-tax/,https://www.aetaxadvisors.com/compare/vincere-tax-vs-ae-tax/,https://www.aetaxadvisors.com/compare/vincere-tax-vs-ae-tax/#provider-review,integrated source-based review on existing alternatives page,reused canonical owner,https://www.vinceretax.com/about-us,2026-10-08
little-fish-accounting,Little Fish Accounting,https://www.aetaxadvisors.com/compare/little-fish-accounting-vs-ae-tax/,https://www.aetaxadvisors.com/compare/little-fish-accounting-vs-ae-tax/,https://www.aetaxadvisors.com/compare/little-fish-accounting-vs-ae-tax/#provider-review,integrated source-based review on existing alternatives page,reused canonical owner,https://www.littlefishaccounting.com/accounting-and-taxes,2026-10-08
bottom-line-cpa,The Bottom Line CPA,https://www.aetaxadvisors.com/compare/bottom-line-cpa-vs-ae-tax/,https://www.aetaxadvisors.com/compare/bottom-line-cpa-vs-ae-tax/,https://www.aetaxadvisors.com/compare/bottom-line-cpa-vs-ae-tax/#provider-review,integrated source-based review on existing alternatives page,reused canonical owner,https://www.hellotbl.com/,2026-10-08
fitness-cpa,The Fitness CPA,https://www.aetaxadvisors.com/compare/fitness-cpa-vs-ae-tax/,https://www.aetaxadvisors.com/compare/fitness-cpa-vs-ae-tax/,https://www.aetaxadvisors.com/compare/fitness-cpa-vs-ae-tax/#provider-review,integrated source-based review on existing alternatives page,reused canonical owner,https://thefitnesscpa.com/,2026-10-08
accountfully,Accountfully,https://www.aetaxadvisors.com/compare/accountfully-vs-ae-tax/,https://www.aetaxadvisors.com/compare/accountfully-vs-ae-tax/,https://www.aetaxadvisors.com/compare/accountfully-vs-ae-tax/#provider-review,integrated source-based review on existing alternatives page,reused canonical owner,https://pages.accountfully.com/bookkeeping-and-accounting-for-cpg-businesses,2026-10-08
blumer-cpas,Blumer CPAs,https://www.aetaxadvisors.com/compare/blumer-cpas-vs-ae-tax/,https://www.aetaxadvisors.com/compare/blumer-cpas-vs-ae-tax/,https://www.aetaxadvisors.com/compare/blumer-cpas-vs-ae-tax/#provider-review,integrated source-based review on existing alternatives page,reused canonical owner,https://blumercpas.com/,2026-10-08
fusion-cpa,Fusion CPA,https://www.aetaxadvisors.com/compare/fusion-cpa-vs-ae-tax/,https://www.aetaxadvisors.com/compare/fusion-cpa-vs-ae-tax/,https://www.aetaxadvisors.com/compare/fusion-cpa-vs-ae-tax/#provider-review,integrated source-based review on existing alternatives page,reused canonical owner,https://www.fusiontaxes.com/,2026-10-08
greengrowth-cpas,GreenGrowth CPAs,https://www.aetaxadvisors.com/compare/greengrowth-cpas-vs-ae-tax/,https://www.aetaxadvisors.com/compare/greengrowth-cpas-vs-ae-tax/,https://www.aetaxadvisors.com/compare/greengrowth-cpas-vs-ae-tax/#provider-review,integrated source-based review on existing alternatives page,reused canonical owner,https://greengrowthcpas.com/,2026-10-08
sdo-cpa,SDO CPA,https://www.aetaxadvisors.com/compare/sdo-cpa-vs-ae-tax/,https://www.aetaxadvisors.com/compare/sdo-cpa-vs-ae-tax/,https://www.aetaxadvisors.com/compare/sdo-cpa-vs-ae-tax/#provider-review,integrated source-based review on existing alternatives page,reused canonical owner,https://www.sdocpa.com/,2026-10-08
nth-degree-cpas,Nth Degree CPAs,https://www.aetaxadvisors.com/compare/nth-degree-cpas-vs-ae-tax/,https://www.aetaxadvisors.com/compare/nth-degree-cpas-vs-ae-tax/,https://www.aetaxadvisors.com/compare/nth-degree-cpas-vs-ae-tax/#provider-review,integrated source-based review on existing alternatives page,reused canonical owner,https://www.nthdegreecpas.com/,2026-10-08
tldr-accounting,TL;DR Accounting,https://www.aetaxadvisors.com/compare/tldr-accounting-vs-ae-tax/,https://www.aetaxadvisors.com/compare/tldr-accounting-vs-ae-tax/,https://www.aetaxadvisors.com/compare/tldr-accounting-vs-ae-tax/#provider-review,integrated source-based review on existing alternatives page,reused canonical owner,https://www.tldraccounting.com/,2026-10-08
graphite-financial,Graphite Financial,https://www.aetaxadvisors.com/compare/graphite-financial-vs-ae-tax/,https://www.aetaxadvisors.com/compare/graphite-financial-vs-ae-tax/,https://www.aetaxadvisors.com/compare/graphite-financial-vs-ae-tax/#provider-review,integrated source-based review on existing alternatives page,reused canonical owner,https://www.graphitefinancial.com/services-tax-compliance/,2026-10-08
tax-strategists-of-america,Tax Strategists of America,https://www.aetaxadvisors.com/compare/tax-strategists-of-america-vs-ae-tax/,https://www.aetaxadvisors.com/compare/tax-strategists-of-america-vs-ae-tax/,https://www.aetaxadvisors.com/compare/tax-strategists-of-america-vs-ae-tax/#provider-review,integrated source-based review on existing alternatives page,reused canonical owner,https://taxstrategistsofamerica.com/services,2026-10-08
pronto-advisors,Pronto Advisors,https://www.aetaxadvisors.com/compare/pronto-advisors-vs-ae-tax/,https://www.aetaxadvisors.com/compare/pronto-advisors-vs-ae-tax/,https://www.aetaxadvisors.com/compare/pronto-advisors-vs-ae-tax/#provider-review,integrated source-based review on existing alternatives page,reused canonical owner,https://prontoadvisors.com/,2026-10-08
proactive-tax-advisors,Proactive Tax Advisors,https://www.aetaxadvisors.com/compare/proactive-tax-advisors-vs-ae-tax/,https://www.aetaxadvisors.com/compare/proactive-tax-advisors-vs-ae-tax/,https://www.aetaxadvisors.com/compare/proactive-tax-advisors-vs-ae-tax/#provider-review,integrated source-based review on existing alternatives page,reused canonical owner,https://www.proactivetaxadvisors.com/,2026-10-08
bracket-tax-co,Bracket Tax Co.,https://www.aetaxadvisors.com/compare/bracket-tax-co-vs-ae-tax/,https://www.aetaxadvisors.com/compare/bracket-tax-co-vs-ae-tax/,https://www.aetaxadvisors.com/compare/bracket-tax-co-vs-ae-tax/#provider-review,integrated source-based review on existing alternatives page,reused canonical owner,https://www.brackettax.com/,2026-10-08
pillar-advisors,Pillar Advisors,https://www.aetaxadvisors.com/compare/pillar-advisors-vs-ae-tax/,https://www.aetaxadvisors.com/compare/pillar-advisors-vs-ae-tax/,https://www.aetaxadvisors.com/compare/pillar-advisors-vs-ae-tax/#provider-review,integrated source-based review on existing alternatives page,reused canonical owner,https://www.pillar-advisors.com/,2026-10-08
cssi,CSSI,https://www.aetaxadvisors.com/compare/cssi-alternatives/,https://www.aetaxadvisors.com/compare/cssi-vs-ae-tax/,https://www.aetaxadvisors.com/compare/cssi-alternatives/#provider-review,integrated source-based review on existing alternatives page,reused canonical owner,https://cssiservices.com/services/,2026-10-08
capstan-tax-strategies,Capstan Tax Strategies,https://www.aetaxadvisors.com/compare/capstan-tax-strategies-alternatives/,https://www.aetaxadvisors.com/compare/capstan-tax-strategies-vs-ae-tax/,https://www.aetaxadvisors.com/compare/capstan-tax-strategies-alternatives/#provider-review,integrated source-based review on existing alternatives page,reused canonical owner,https://capstantax.com/,2026-10-08
cost-seg-smart,Cost Seg Smart,https://www.aetaxadvisors.com/compare/cost-seg-smart-alternatives/,https://www.aetaxadvisors.com/compare/cost-seg-smart-vs-ae-tax/,https://www.aetaxadvisors.com/compare/cost-seg-smart-alternatives/#provider-review,integrated source-based review on existing alternatives page,reused canonical owner,https://costsegsmart.com/,2026-10-08
engineered-tax-services,Engineered Tax Services,https://www.aetaxadvisors.com/compare/engineered-tax-services-alternatives/,https://www.aetaxadvisors.com/compare/engineered-tax-services-vs-ae-tax/,https://www.aetaxadvisors.com/compare/engineered-tax-services-alternatives/#provider-review,integrated source-based review on existing alternatives page,reused canonical owner,https://engineeredtaxservices.com/,2026-10-08
kbkg,KBKG,https://www.aetaxadvisors.com/compare/kbkg-alternatives/,https://www.aetaxadvisors.com/compare/kbkg-vs-ae-tax/,https://www.aetaxadvisors.com/compare/kbkg-alternatives/#provider-review,integrated source-based review on existing alternatives page,reused canonical owner,https://www.kbkg.com/,2026-10-08
madison-specs,Madison SPECS,https://www.aetaxadvisors.com/compare/madison-specs-alternatives/,https://www.aetaxadvisors.com/compare/madison-specs-vs-ae-tax/,https://www.aetaxadvisors.com/compare/madison-specs-alternatives/#provider-review,integrated source-based review on existing alternatives page,reused canonical owner,https://www.madisonspecs.com/,2026-10-08
re-cost-seg,RE Cost Seg,https://www.aetaxadvisors.com/compare/re-cost-seg-alternatives/,https://www.aetaxadvisors.com/compare/re-cost-seg-vs-ae-tax/,https://www.aetaxadvisors.com/compare/re-cost-seg-alternatives/#provider-review,integrated source-based review on existing alternatives page,reused canonical owner,https://www.recostseg.com/,2026-10-08
cherry-bekaert,Cherry Bekaert,https://www.aetaxadvisors.com/compare/cherry-bekaert-alternatives/,https://www.aetaxadvisors.com/compare/cherry-bekaert-vs-ae-tax/,https://www.aetaxadvisors.com/compare/cherry-bekaert-alternatives/#provider-review,integrated source-based review on existing alternatives page,reused canonical owner,https://www.cbh.com/,2026-10-08
deloitte-tax,Deloitte Tax,https://www.aetaxadvisors.com/compare/deloitte-tax-alternatives/,https://www.aetaxadvisors.com/compare/deloitte-tax-vs-ae-tax/,https://www.aetaxadvisors.com/compare/deloitte-tax-alternatives/#provider-review,integrated source-based review on existing alternatives page,reused canonical owner,https://www.deloitte.com/us/en/services/tax.html,2026-10-08
kpmg,KPMG,https://www.aetaxadvisors.com/compare/kpmg-alternatives/,https://www.aetaxadvisors.com/compare/kpmg-vs-ae-tax/,https://www.aetaxadvisors.com/compare/kpmg-alternatives/#provider-review,integrated source-based review on existing alternatives page,reused canonical owner,https://kpmg.com/us/en.html,2026-10-08
advise-re,Advise RE,https://www.aetaxadvisors.com/compare/advise-re-alternatives/,https://www.aetaxadvisors.com/compare/advise-re-vs-ae-tax/,https://www.aetaxadvisors.com/compare/advise-re-alternatives/#provider-review,integrated source-based review on existing alternatives page,reused canonical owner,https://adviseretax.com/,2026-10-08
1099-tax-doctor,1099 Tax Doctor,https://www.aetaxadvisors.com/compare/1099-tax-doctor-alternatives/,https://www.aetaxadvisors.com/compare/1099-tax-doctor-vs-ae-tax/,https://www.aetaxadvisors.com/compare/1099-tax-doctor-alternatives/#provider-review,integrated source-based review on existing alternatives page,new comparison,https://www.1099taxdoctor.com/,2026-10-08
aprio,Aprio,https://www.aetaxadvisors.com/compare/aprio-alternatives/,https://www.aetaxadvisors.com/compare/aprio-vs-ae-tax/,https://www.aetaxadvisors.com/compare/aprio-alternatives/#provider-review,integrated source-based review on existing alternatives page,reused canonical owner,https://www.aprio.com/,2026-10-08
basis-cost-segregation,BASIS Cost Segregation,https://www.aetaxadvisors.com/compare/basis-cost-segregation-alternatives/,https://www.aetaxadvisors.com/compare/basis-cost-segregation-vs-ae-tax/,https://www.aetaxadvisors.com/compare/basis-cost-segregation-alternatives/#provider-review,integrated source-based review on existing alternatives page,new comparison,https://basiscostseg.com/,2026-10-08
beach-life-cpa,Beach Life CPA,https://www.aetaxadvisors.com/compare/beach-life-cpa-alternatives/,https://www.aetaxadvisors.com/compare/beach-life-cpa-vs-ae-tax/,https://www.aetaxadvisors.com/compare/beach-life-cpa-alternatives/#provider-review,integrated source-based review on existing alternatives page,new comparison,https://www.beachlifecpa.com/locations/nationwide-cpa-services/,2026-10-08
bracket-partners,Bracket Partners,https://www.aetaxadvisors.com/compare/bracket-partners-alternatives/,https://www.aetaxadvisors.com/compare/bracket-partners-vs-ae-tax/,https://www.aetaxadvisors.com/compare/bracket-partners-alternatives/#provider-review,integrated source-based review on existing alternatives page,new comparison,https://bracketpartners.com/,2026-10-08
bright-hill-advisors,Bright Hill Advisors,https://www.aetaxadvisors.com/compare/bright-hill-advisors-alternatives/,https://www.aetaxadvisors.com/compare/bright-hill-advisors-vs-ae-tax/,https://www.aetaxadvisors.com/compare/bright-hill-advisors-alternatives/#provider-review,integrated source-based review on existing alternatives page,new comparison,https://www.brighthilladvisors.com/,2026-10-08
cpa-rod,CPA-ROD,https://www.aetaxadvisors.com/compare/cpa-rod-alternatives/,https://www.aetaxadvisors.com/compare/cpa-rod-vs-ae-tax/,https://www.aetaxadvisors.com/compare/cpa-rod-alternatives/#provider-review,integrated source-based review on existing alternatives page,new comparison,https://www.cpa-rod.com/,2026-10-08
compass-cpa,Compass CPA,https://www.aetaxadvisors.com/compare/compass-cpa-alternatives/,https://www.aetaxadvisors.com/compare/compass-cpa-vs-ae-tax/,https://www.aetaxadvisors.com/compare/compass-cpa-alternatives/#provider-review,integrated source-based review on existing alternatives page,new comparison,https://compasscpa.net/real-estate/,2026-10-08
cost-seg-atlas,Cost Seg Atlas,https://www.aetaxadvisors.com/compare/cost-seg-atlas-alternatives/,https://www.aetaxadvisors.com/compare/cost-seg-atlas-vs-ae-tax/,https://www.aetaxadvisors.com/compare/cost-seg-atlas-alternatives/#provider-review,integrated source-based review on existing alternatives page,new comparison,https://costseg.2911tech.com/pricing,2026-10-08
cost-segregation-authority,Cost Segregation Authority,https://www.aetaxadvisors.com/compare/cost-segregation-authority-alternatives/,https://www.aetaxadvisors.com/compare/cost-seg-authority-vs-ae-tax/,https://www.aetaxadvisors.com/compare/cost-segregation-authority-alternatives/#provider-review,integrated source-based review on existing alternatives page,reused canonical owner,https://csap.com/,2026-10-08
cost-segregation-guys,Cost Segregation Guys,https://www.aetaxadvisors.com/compare/cost-segregation-guys-alternatives/,https://www.aetaxadvisors.com/compare/cost-segregation-guys-vs-ae-tax/,https://www.aetaxadvisors.com/compare/cost-segregation-guys-alternatives/#provider-review,integrated source-based review on existing alternatives page,reused canonical owner,https://costsegregationguys.com/,2026-10-08
costseg-express,CostSeg Express,https://www.aetaxadvisors.com/compare/costseg-express-alternatives/,https://www.aetaxadvisors.com/compare/costseg-express-vs-ae-tax/,https://www.aetaxadvisors.com/compare/costseg-express-alternatives/#provider-review,integrated source-based review on existing alternatives page,new comparison,https://www.costseg.express/,2026-10-08
costsegez,CostSegEZ,https://www.aetaxadvisors.com/compare/costsegez-alternatives/,https://www.aetaxadvisors.com/compare/costsegez-vs-ae-tax/,https://www.aetaxadvisors.com/compare/costsegez-alternatives/#provider-review,integrated source-based review on existing alternatives page,new comparison,https://costsegez.com/,2026-10-08
costsegrx,CostSegRx,https://www.aetaxadvisors.com/compare/costsegrx-alternatives/,https://www.aetaxadvisors.com/compare/costsegrx-vs-ae-tax/,https://www.aetaxadvisors.com/compare/costsegrx-alternatives/#provider-review,integrated source-based review on existing alternatives page,new comparison,https://www.costsegrx.com/faq,2026-10-08
costsegregation-com,CostSegregation.com,https://www.aetaxadvisors.com/compare/costsegregation-com-alternatives/,https://www.aetaxadvisors.com/compare/costsegregation-com-vs-ae-tax/,https://www.aetaxadvisors.com/compare/costsegregation-com-alternatives/#provider-review,integrated source-based review on existing alternatives page,new comparison,https://www.costsegregation.com/,2026-10-08
crescent-cpa-advisors,Crescent CPA Advisors,https://www.aetaxadvisors.com/compare/crescent-cpa-advisors-alternatives/,https://www.aetaxadvisors.com/compare/crescent-cpa-advisors-vs-ae-tax/,https://www.aetaxadvisors.com/compare/crescent-cpa-advisors-alternatives/#provider-review,integrated source-based review on existing alternatives page,new comparison,https://www.crescentcpaadvisors.com/,2026-10-08
duffy-duffy-cost-segregation,Duffy + Duffy Cost Segregation,https://www.aetaxadvisors.com/compare/duffy-duffy-cost-segregation-alternatives/,https://www.aetaxadvisors.com/compare/duffy-duffy-cost-segregation-vs-ae-tax/,https://www.aetaxadvisors.com/compare/duffy-duffy-cost-segregation-alternatives/#provider-review,integrated source-based review on existing alternatives page,new comparison,https://costsegexperts.com/,2026-10-08
duncan-carter-tax-advisory,Duncan Carter Tax Advisory,https://www.aetaxadvisors.com/compare/duncan-carter-tax-advisory-alternatives/,https://www.aetaxadvisors.com/compare/duncan-carter-tax-advisory-vs-ae-tax/,https://www.aetaxadvisors.com/compare/duncan-carter-tax-advisory-alternatives/#provider-review,integrated source-based review on existing alternatives page,new comparison,https://duncancartertaxadvisory.com/,2026-10-08
elite-consulting-pc,"Elite Consulting, P.C.",https://www.aetaxadvisors.com/compare/elite-consulting-pc-alternatives/,https://www.aetaxadvisors.com/compare/elite-consulting-pc-vs-ae-tax/,https://www.aetaxadvisors.com/compare/elite-consulting-pc-alternatives/#provider-review,integrated source-based review on existing alternatives page,new comparison,https://www.eliteconsultingpc.com/pages/about-elite-consulting,2026-10-08
firm1040,FIRM1040,https://www.aetaxadvisors.com/compare/firm1040-alternatives/,https://www.aetaxadvisors.com/compare/firm1040-vs-ae-tax/,https://www.aetaxadvisors.com/compare/firm1040-alternatives/#provider-review,integrated source-based review on existing alternatives page,new comparison,https://www.firm1040.com/,2026-10-08
fluency-tax,Fluency Tax,https://www.aetaxadvisors.com/compare/fluency-tax-alternatives/,https://www.aetaxadvisors.com/compare/fluency-tax-vs-ae-tax/,https://www.aetaxadvisors.com/compare/fluency-tax-alternatives/#provider-review,integrated source-based review on existing alternatives page,reused canonical owner,https://www.fluencytax.com/,2026-10-08
fox-and-company-cpas,Fox & Company CPAs,https://www.aetaxadvisors.com/compare/fox-and-company-cpas-alternatives/,https://www.aetaxadvisors.com/compare/fox-and-company-cpas-vs-ae-tax/,https://www.aetaxadvisors.com/compare/fox-and-company-cpas-alternatives/#provider-review,integrated source-based review on existing alternatives page,new comparison,https://fox-cpas.com/,2026-10-08
gavtax-advisory-services,GavTax Advisory Services,https://www.aetaxadvisors.com/compare/gavtax-advisory-services-alternatives/,https://www.aetaxadvisors.com/compare/gavtax-advisory-services-vs-ae-tax/,https://www.aetaxadvisors.com/compare/gavtax-advisory-services-alternatives/#provider-review,integrated source-based review on existing alternatives page,new comparison,https://gavtax.com/,2026-10-08
ics-tax,ICS Tax,https://www.aetaxadvisors.com/compare/ics-tax-alternatives/,https://www.aetaxadvisors.com/compare/ics-tax-vs-ae-tax/,https://www.aetaxadvisors.com/compare/ics-tax-alternatives/#provider-review,integrated source-based review on existing alternatives page,new comparison,https://ics-tax.com/,2026-10-08
incite-tax,Incite Tax,https://www.aetaxadvisors.com/compare/incite-tax-alternatives/,https://www.aetaxadvisors.com/compare/incite-tax-vs-ae-tax/,https://www.aetaxadvisors.com/compare/incite-tax-alternatives/#provider-review,integrated source-based review on existing alternatives page,reused canonical owner,https://incitetax.com/,2026-10-08
investor-friendly-cpa,Investor Friendly CPA,https://www.aetaxadvisors.com/compare/investor-friendly-cpa-alternatives/,https://www.aetaxadvisors.com/compare/investor-friendly-cpa-vs-ae-tax/,https://www.aetaxadvisors.com/compare/investor-friendly-cpa-alternatives/#provider-review,integrated source-based review on existing alternatives page,new comparison,https://www.investorfriendlycpa.com/,2026-10-08
msc-tax,MSC Tax,https://www.aetaxadvisors.com/compare/msc-tax-alternatives/,https://www.aetaxadvisors.com/compare/msc-tax-vs-ae-tax/,https://www.aetaxadvisors.com/compare/msc-tax-alternatives/#provider-review,integrated source-based review on existing alternatives page,new comparison,https://msc.tax/services/,2026-10-08
maven-cost-segregation,Maven Cost Segregation,https://www.aetaxadvisors.com/compare/maven-cost-segregation-alternatives/,https://www.aetaxadvisors.com/compare/maven-cost-segregation-vs-ae-tax/,https://www.aetaxadvisors.com/compare/maven-cost-segregation-alternatives/#provider-review,integrated source-based review on existing alternatives page,reused canonical owner,https://mavencostseg.com/,2026-10-08
mcguire-sponsel,McGuire Sponsel,https://www.aetaxadvisors.com/compare/mcguire-sponsel-alternatives/,https://www.aetaxadvisors.com/compare/mcguire-sponsel-vs-ae-tax/,https://www.aetaxadvisors.com/compare/mcguire-sponsel-alternatives/#provider-review,integrated source-based review on existing alternatives page,new comparison,https://mcguiresponsel.com/,2026-10-08
my-cost-segregation,My Cost Segregation,https://www.aetaxadvisors.com/compare/my-cost-segregation-alternatives/,https://www.aetaxadvisors.com/compare/my-cost-segregation-vs-ae-tax/,https://www.aetaxadvisors.com/compare/my-cost-segregation-alternatives/#provider-review,integrated source-based review on existing alternatives page,new comparison,https://www.mycostsegregation.com/pricing/,2026-10-08
pwc,PwC,https://www.aetaxadvisors.com/compare/pwc-alternatives/,https://www.aetaxadvisors.com/compare/pwc-vs-ae-tax/,https://www.aetaxadvisors.com/compare/pwc-alternatives/#provider-review,integrated source-based review on existing alternatives page,new comparison,https://www.pwc.com/us/en/services/tax.html,2026-10-08
ey,EY,https://www.aetaxadvisors.com/compare/ey-alternatives/,https://www.aetaxadvisors.com/compare/ey-vs-ae-tax/,https://www.aetaxadvisors.com/compare/ey-alternatives/#provider-review,integrated source-based review on existing alternatives page,new comparison,https://www.ey.com/en_us/services/tax/private-client-services,2026-10-08
rsm,RSM,https://www.aetaxadvisors.com/compare/rsm-alternatives/,https://www.aetaxadvisors.com/compare/rsm-vs-ae-tax/,https://www.aetaxadvisors.com/compare/rsm-alternatives/#provider-review,integrated source-based review on existing alternatives page,new comparison,https://rsmus.com/,2026-10-08
baker-tilly,Baker Tilly,https://www.aetaxadvisors.com/compare/baker-tilly-alternatives/,https://www.aetaxadvisors.com/compare/baker-tilly-vs-ae-tax/,https://www.aetaxadvisors.com/compare/baker-tilly-alternatives/#provider-review,integrated source-based review on existing alternatives page,new comparison,https://www.bakertilly.com/services/tax,2026-10-08
bdo,BDO,https://www.aetaxadvisors.com/compare/bdo-alternatives/,https://www.aetaxadvisors.com/compare/bdo-vs-ae-tax/,https://www.aetaxadvisors.com/compare/bdo-alternatives/#provider-review,integrated source-based review on existing alternatives page,new comparison,https://www.bdo.com/services/tax,2026-10-08
grant-thornton,Grant Thornton,https://www.aetaxadvisors.com/compare/grant-thornton-alternatives/,https://www.aetaxadvisors.com/compare/grant-thornton-vs-ae-tax/,https://www.aetaxadvisors.com/compare/grant-thornton-alternatives/#provider-review,integrated source-based review on existing alternatives page,new comparison,https://grantthornton.com/services/tax-services,2026-10-08
cbiz,CBIZ,https://www.aetaxadvisors.com/compare/cbiz-alternatives/,https://www.aetaxadvisors.com/compare/cbiz-vs-ae-tax/,https://www.aetaxadvisors.com/compare/cbiz-alternatives/#provider-review,integrated source-based review on existing alternatives page,new comparison,https://www.cbiz.com/services/tax,2026-10-08
forvis-mazars,Forvis Mazars,https://www.aetaxadvisors.com/compare/forvis-mazars-alternatives/,https://www.aetaxadvisors.com/compare/forvis-mazars-vs-ae-tax/,https://www.aetaxadvisors.com/compare/forvis-mazars-alternatives/#provider-review,integrated source-based review on existing alternatives page,new comparison,https://www.forvismazars.us/services/tax,2026-10-08
