Review item,Taxpayer or property nickname,Tax year,Evidence reference,Reported amount,Supported amount,Open question,Responsible person,Status,Resolution
Complete filed return and acknowledgment,,,,,,,,,
Business and rental activity inventory,,,,,,,,,
Major purchases and sales,,,,,,,,,
Income reconciliation and 1099-K,,,,,,,,,
Credit-card charges versus payments,,,,,,,,,
Rental principal interest and escrow,,,,,,,,,
Refundable security deposits,,,,,,,,,
Estimated payments and refund applications,,,,,,,,,
Property basis and closing costs,,,,,,,,,
Depreciation and disposed assets,,,,,,,,,
Partnership outside basis,,,,,,,,,
S corporation stock and debt basis,,,,,,,,,
Loss and credit carryforwards by limitation,,,,,,,,,
Corrected K-1 and owner return coordination,,,,,,,,,
Federal and state differences,,,,,,,,,
Notices and response deadlines,,,,,,,,,
Correction procedure and filing sequence,,,,,,,,,
Final return review and authorization,,,,,,,,,
