tax-alchemy|strategy|tax strategy and education for business owners, real estate investors, and high-income households|Entrepreneurs familiar with Karlton Dennis who want help translating tax education into a personal engagement|You have learned several strategies online but need to identify which fit your entity, income sources, and implementation capacity.|Ask how education, individual analysis, implementation meetings, and return preparation are separated in the proposal.|Which ideas become a written recommendation for my specific facts?
hall-cpa|realestate|real estate-focused tax advisory, return preparation, accounting, and cost segregation|Investors, sponsors, and developers seeking an accounting relationship centered on property operations|Your rental portfolio is growing while business distributions and household estimated taxes are becoming harder to coordinate.|Ask whether investor-level planning and property or partnership accounting sit in the same engagement.|Who coordinates my personal return with the entities and depreciation schedules?
keystone-cpa|realestate|real estate tax planning and investor education|Investors who value learning the tax implications of acquisitions before committing capital|You are considering another acquisition and want a decision framework before changing entity structure or ordering a study.|Ask how educational resources translate into transaction-specific advice and written follow-through.|What must be reviewed before I sign the next purchase agreement?
taxstra|realestate|tax planning and accounting resources for business owners, physicians, and real estate investors|Households combining professional income, an operating business, and rental assets|Your physician income, S corporation, and short-term rental have different reporting requirements but share one cash budget.|Ask how the engagement handles the interaction between professional income, payroll, and property-level records.|Will one planning process address all three income streams?
wcg-cpas|business|business tax preparation, planning, S corporation services, and accounting|Owners seeking a coordinated relationship for compliance and operational tax questions|Your S corporation is profitable, payroll is running, and you want to evaluate planning without disrupting filing deadlines.|Ask how the quoted package separates return preparation, planning meetings, bookkeeping, and payroll work.|What changes are included after the initial analysis?
tax-goddess|strategy|Strategic Tax Coaching and business-owner tax planning|Owners who want an ongoing coaching process to support their tax decisions|Your business has outgrown annual tax-season conversations and you want a more deliberate planning cadence.|Ask which coaching conversations produce a written action item, who implements it, and how renewal works.|What deliverables will I have at the end of the engagement?
prime-path-advisory|strategy|tax strategy, implementation, and filing for founders and executives|Founders and executives evaluating a service that connects strategic analysis to implementation|You have founder income and equity compensation and need to distinguish personal planning from company-level work.|Ask how the proposal handles equity events, business entities, implementation responsibilities, and filing scope.|Which equity-compensation decisions are included in my engagement?
neil-jesani-advisors|strategy|private-client and business tax services, CFO support, and tax controversy work|Owners and private clients with both planning needs and specialized accounting or controversy requirements|You need a forward-looking plan while an existing tax matter requires a separate specialist or engagement.|Ask who owns planning, compliance, and controversy work and how fees are allocated among those projects.|Are tax notices and representation included or separately contracted?
peter-holtz-cpa|business|accounting, tax strategy, profit consulting, and CFO services|Business owners who want financial reporting and operational advice alongside tax work|Your company shows accounting profit but cash available for taxes and distributions remains unpredictable.|Ask how CFO analysis, bookkeeping, and tax recommendations are connected in the service calendar.|Who turns monthly financial results into planning decisions?
rainwater-cpa|business|proactive tax planning and tax preparation for business owners|Owners who want to clarify the distinction between filing a return and planning ahead|You are happy with your preparer but want an additional review before the next year-end deadline.|Ask whether a standalone planning engagement is available and how advice reaches the return preparer.|Can I add planning without replacing my existing filing relationship?
p4-tax|strategy|tax compliance, tax planning, and business structuring|Owners whose business structure and household tax position need to be reviewed together|You receive partnership income and operate a separate business, making the scope of a single quote difficult to interpret.|Ask how K-1s, business structuring, personal planning, and compliance are priced and coordinated.|Which entities and owners are covered by the proposal?
delerme-cpa|business|accounting and tax advisory services for business owners|Entrepreneurs considering planning and accounting support with a defined service scope|Your business is changing markets or locations and you need to compare ongoing accounting support with a discrete tax-planning project.|Ask which jurisdiction-specific work requires its own specialist and whether implementation and filings are included.|Who reviews the state and jurisdiction consequences before a move?
anomaly-cpa|strategy|virtual accounting, tax planning, and its Tax Optimization Blueprint offering|Business owners evaluating a documented planning process within a virtual accounting relationship|You want a blueprint that can be followed by your bookkeeper, payroll provider, and return preparer.|Ask what documents accompany the blueprint and how recommendations become assigned implementation steps.|What happens between receiving the blueprint and filing the return?
anderson-advisors|legal|entity structuring, asset protection, tax, estate, and bookkeeping services|Investors seeking legal and tax work within a broader entity-planning relationship|You need to decide whether a proposed ownership structure solves a legal concern, a tax concern, or both.|Ask which professionals handle legal documents and which evaluate tax consequences and compliance.|Will the entity recommendation be reviewed for both legal and tax effects?
gelt|strategy|technology-supported tax services for professionals, investors, and business owners|Clients who value a digital service experience for tax work|Your income has become more complex and you want to understand what the platform and assigned professionals each deliver.|Ask which tasks are automated, which require professional review, and what advisory access is included.|Who signs off on recommendations that depend on my individual facts?
jasmine-dilucci|resolution|tax, bookkeeping, and IRS resolution services through DiLucci|Taxpayers who may need both routine tax work and help addressing an IRS matter|You have a tax notice and also want to improve next year's planning once the current issue is understood.|Ask whether resolution, preparation, and forward-looking planning require separate engagements.|Which immediate notice deadlines will the engagement address?
creative-planning|wealth|wealth management with tax, estate, and related planning services|Households seeking coordination between investment management and tax planning|You already have an investment adviser and want to decide whether tax work should sit inside that relationship or alongside it.|Ask whether tax planning can be evaluated separately from investment management and estate services.|What fees and deliverables apply to the tax work itself?
range|wealth|wealth management integrating tax, investment, retirement, and estate planning across service tiers|High earners who value a connected financial platform and ongoing advice|You want a consolidated financial view but your immediate priority is a specific tax decision involving income or a business.|Ask which membership tier includes proactive tax planning and filing and what happens at renewal.|Does my selected tier include the tax work I actually need?
dark-horse-cpas|business|small-business accounting, advisory, tax, and private-wealth services|Owners seeking broader accounting support and advisory access|Your business reporting needs and personal planning needs are expanding at the same time.|Ask how the assigned team coordinates business accounting with owner-level tax planning.|Will my business and household have one coordinated planning calendar?
cerebral-tax-advisors|medical|tax planning, preparation, bookkeeping, and advisory services for medical professionals and owners|Physicians and dentists seeking planning informed by practice ownership|You own a practice, receive professional income, and hold rental property outside the operating entity.|Ask how practice accounting, owner compensation, retirement decisions, and outside investments are included.|Does the proposed plan cover both my practice and personal investments?
tara-cpa-firm|business|year-round tax planning and accounting for small-business owners|Owners seeking proactive tax support as profit grows|Your revenue is increasing but estimated taxes and owner distributions are still based on last year's numbers.|Ask when projections are refreshed and who responds to a material change in profit.|How will the plan change when my business outperforms its forecast?
fraim-cawley|business|tax, business advisory, accounting, valuation, and related services|Owners seeking help with operating decisions or a business transition|You may sell a business in a few years and need to connect current accounting quality with future transaction planning.|Ask how valuation or transaction work is scoped separately from annual compliance and tax planning.|Who coordinates the operating plan with a possible future sale?
wellness-fi|practice|bookkeeping, practice advisory, and tax-related service options for mental-health practices|Therapists and mental-health practice owners seeking industry-specific operational support|Your practice is adding clinicians and the financial reporting workload is growing alongside owner tax questions.|Ask which tier covers books, practice advice, planning, and optional filing services.|Will adding clinicians change the scope or price of the engagement?
taxhub|filing|online personal and business tax preparation with consultation options|Taxpayers who primarily need a return prepared through a remote service|Your return has become more complicated and you want to know whether a preparation service also addresses a future transaction.|Ask what consultation is included and whether a separate planning project is available.|Does the quote cover next year's decisions or only this year's return?
collective|solopreneur|an integrated back-office membership for self-employed business owners|Solo owners evaluating business setup, bookkeeping, payroll, and tax support together|You are deciding whether an integrated membership suits your solo business or whether you need an additional planning engagement.|Ask how the service supports your entity, what membership includes, and how added complexity is handled.|What happens if I add a rental or a second business?
xendoo|books|online monthly bookkeeping, reporting, and business tax preparation|Small businesses whose first priority is reliable books and recurring financial visibility|Your bookkeeping backlog makes it difficult to evaluate a tax strategy with confidence.|Ask what cleanup is needed before planning, which reports are delivered, and how tax filing fits the package.|When will my financial records be ready for a planning review?
pilot|startup|startup tax preparation and filing support alongside accounting services|Startups seeking company-level compliance and a scalable accounting relationship|Your startup needs federal, state, and other corporate filings while the founder has separate personal planning questions.|Ask which corporate filings are included and whether founder-level advice is separately scoped.|Does company tax support include my personal founder tax decisions?
decimal|books|business accounting and tax services with year-round support|Owners seeking a recurring operating-accounting relationship|Your operating business needs consistent bookkeeping while you want to evaluate a discrete planning project.|Ask whether the tax package includes planning deliverables or primarily compliance and ongoing support.|Can my existing accounting workflow support a separate written tax plan?
fondo|startup|startup accounting and tax compliance through its TaxPass offering|Startup founders seeking organized company compliance and accounting support|Your company needs filings and year-end readiness, but you also hold investments outside the startup.|Ask how company compliance and owner-level planning are distinguished in the proposal.|Which work relates to the corporation and which relates to me personally?
kruze-consulting|startup|accounting and tax services for venture-backed startups|VC-funded companies seeking finance support aligned with startup operations|Your startup is raising capital while you need to understand the personal tax consequences of founder equity.|Ask whether company-level startup tax work includes a separately documented founder analysis.|Who handles the founder's planning while the company prepares for financing?
heard|practice|bookkeeping and tax support for therapists in private practice|Therapists evaluating an industry-focused accounting service|Your private practice has become a group practice and you need both reporting discipline and owner-level planning.|Ask which plan covers your entity type, clinician growth, payroll coordination, and tax filing.|Which changes in my practice require an updated engagement?
acuity|books|outsourced accounting, bookkeeping, and CFO support|Businesses needing a dependable finance operation and advisory reporting|You need operational finance help, but a property acquisition or ownership change also requires a tax plan.|Ask how the accounting team coordinates with whoever provides transaction-specific tax advice.|Who translates monthly reports into a transaction planning model?
tax-hack-accounting|digital|accounting and tax support for digital and technology-oriented businesses|Online businesses that need advice tied to their operating model|You sell across platforms and want business tax planning that starts with the way revenue and expenses are actually recorded.|Ask how platform accounting, state exposure, and strategic decisions enter the review.|Which platform and jurisdiction records do you need before advising me?
jetro-associates|fitness|accounting and tax support marketed to fitness businesses|Gym and fitness owners seeking industry-specific operational support|Your gym has recurring memberships, payroll, and expansion plans that affect cash available for taxes.|Ask how fitness-industry reporting informs tax projections and owner-level recommendations.|How will a second location change the planning and accounting scope?
vincere-tax|business|individual and business tax services, planning, bookkeeping, and financial-adviser support|Owners who want tax work connected with their broader financial advisers|Your financial adviser has proposed a change and you need a tax professional to evaluate it within the business and household picture.|Ask who coordinates with your financial adviser and what written analysis accompanies that coordination.|Will my adviser receive an actionable summary of the tax implications?
little-fish-accounting|books|accounting and tax services for service-based businesses|Service providers who want organized books and tax support|Your consulting or professional-services business is profitable but its financial reporting does not yet support timely planning.|Ask how monthly accounting and planning meetings connect, and which personal issues sit outside the package.|What reporting will be available before the next planning decision?
bottom-line-cpa|digital|accounting and tax support associated with e-commerce and Profit First cash management|Online sellers seeking accounting that reflects inventory, platforms, and cash allocation|You are growing an online store and want to avoid confusing accounting profit with cash available to pay taxes.|Ask how platform settlement records, inventory, and tax reserves are coordinated.|Which cash-flow reports will support the tax forecast?
fitness-cpa|fitness|accounting and advisory services focused on fitness businesses|Gym owners evaluating financial guidance with industry context|Your fitness business is expanding and a facility purchase could create both business and property-level tax questions.|Ask whether the engagement covers the operating gym, real estate ownership, and personal planning together.|Who reviews the facility acquisition separately from operating results?
accountfully|inventory|bookkeeping and accounting for consumer packaged goods businesses|CPG brands needing reporting that reflects inventory and distributor economics|Your product brand has distributor deductions, co-packer payments, and inventory changes that complicate a usable profit forecast.|Ask how operational accounting reconciles those items before the tax adviser models planning options.|Will the year-end numbers reflect inventory and distributor adjustments?
blumer-cpas|creative|accounting and advisory support for creative entrepreneurs and businesses|Creative firm owners seeking finance support tied to their growth model|Your agency is changing its pricing and team structure and you want to understand the effect on owner cash and tax planning.|Ask how advisory work on the business model connects to the tax-planning scope.|Will the forecast incorporate my revised agency growth plan?
fusion-cpa|business|accounting and tax services for entrepreneurs and businesses, including complex tax situations|Owners needing business accounting and tax coordination across entities or jurisdictions|Your business operates in more than one state and you also have household investment income.|Ask which state or international issues are included and how separate entities are coordinated.|Which jurisdictions and entities are specifically listed in the engagement?
greengrowth-cpas|regulated|accounting, tax, audit, and CFO services across specialized industries|Businesses seeking finance support in sectors with added reporting complexity|You operate in a regulated industry and need to distinguish ordinary planning from industry-specific compliance or audit requirements.|Ask which specialized compliance or assurance work requires its own team and proposal.|What work needs industry-specific expertise beyond a general tax plan?
sdo-cpa|business|tax services and planning resources for small-business owners|Owners evaluating compliance and entity-related planning support|Your sole proprietorship is growing and you want to compare the costs and responsibilities of possible entity changes.|Ask for a factual analysis of alternatives, including added compliance costs and implementation tasks.|What changes operationally if the recommended entity election is made?
nth-degree-cpas|strategy|business-owner financial strategy and tax planning|Entrepreneurs evaluating a more deliberate financial strategy relationship|Your owner goals include reinvestment, family cash needs, and future exit options that compete for the same dollars.|Ask how recommendations are prioritized when several strategies are technically possible.|Which decisions should I implement first and why?
tldr-accounting|practice|accounting and tax support for small businesses and therapy practices|Practice owners seeking plain-language financial and tax guidance|You want help reading financial results and deciding which tax issues require action before year-end.|Ask how financial coaching differs from personalized tax recommendations and compliance work.|What will I understand and be able to act on after each review?
graphite-financial|startup|tax compliance and accounting support for growing startups|Startups seeking coordinated accounting and company tax compliance|Your high-growth company needs federal and state compliance while founders face personal liquidity decisions.|Ask which startup tax projects, credits, and founder questions are covered in the quote.|How is company compliance separated from founder planning?
tax-strategists-of-america|strategy|tax strategy services with documented planning and implementation processes|Owners comparing a structured tax-planning engagement|You want written recommendations that make implementation responsibilities clear from the start.|Ask what the contract identifies as completed work and how implementation progress is tracked.|How will we know that a recommended step has been completed?
pronto-advisors|realestate|tax and advisory services oriented toward real estate, construction, and development|Owners working across property operations and development businesses|Your construction company and investment entities create intercompany transactions and different reporting needs.|Ask how the plan handles the operating company, development projects, and investor-level returns.|Who reconciles the tax assumptions across all related entities?
proactive-tax-advisors|strategy|forward-looking tax planning for business owners and investors|Owners seeking advice before decisions become difficult to change|Your business is growing and you want to discuss a purchase or compensation change before committing to it.|Ask what notice the team needs before a transaction and whether a refreshed model is included.|When should I involve the adviser before making the decision?
bracket-tax-co|strategy|tax planning and preparation for individuals and businesses|Owners and professionals comparing a dedicated tax relationship|Your business income and investment or equity events require a coordinated planning conversation.|Ask which investment and equity issues are within the firm's current engagement scope.|Can the proposal list the specific income events it will analyze?
pillar-advisors|business|accounting, tax, and advisory services for business owners|Owners seeking a broader financial and tax relationship|You need business reporting and tax advice but want to keep your existing investment relationship.|Ask how accounting, tax planning, and other advisory services are contracted and coordinated.|Can the engagement focus on my business and tax needs?
cssi|costseg|cost segregation and specialty property-tax services|Property owners seeking a specialist for the study portion of a tax project|You have a candidate property and a CPA, but need to clarify who prepares the study and who implements the tax reporting.|Ask for the study methodology, required property records, and the precise handoff to your CPA.|What deliverables will my return preparer receive?
capstan-tax-strategies|costseg|cost segregation, energy-related incentives, and other specialty tax services|Owners comparing technical property studies and related incentive opportunities|Your building project could involve more than depreciation, so the service proposal needs to distinguish each technical analysis.|Ask which specialty services are included and how results are coordinated with your broader tax plan.|Which analyses are separate from the cost segregation study?
cost-seg-smart|software|online cost segregation reports marketed to rental-property owners|Owners considering a digital study workflow|You want a convenient report but need to understand the inputs, review process, and reporting support before purchase.|Ask how unusual property features, renovations, and incomplete records are handled.|Who reviews the property facts behind the generated report?
engineered-tax-services|costseg|cost segregation and specialty tax services, including energy and research-related incentives|Owners and businesses comparing multiple specialty tax projects|You have a property study need and another potential incentive, but they may require different evidence and engagements.|Ask how each specialty project is scoped and which professional coordinates it with your tax return.|Which project needs to be completed first to meet my deadline?
kbkg|costseg|tax-credit and incentive consulting, including cost segregation|Businesses and property owners seeking technical specialty tax support|You want to compare a specialty-tax engagement with a household or business-wide planning engagement.|Ask what technical deliverables the quote includes and whether broader planning is separately available.|Where does the specialty engagement end and broader tax planning begin?
madison-specs|costseg|national cost segregation services with engineering and CPA involvement|Owners seeking a property-study specialist and CPA coordination|You want a feasibility review before deciding which properties deserve a full study.|Ask how the preliminary estimate differs from the final report and what your CPA needs for implementation.|What information can change the preliminary benefit estimate?
re-cost-seg|costseg|cost segregation studies and a digital property-information workflow|Rental owners comparing specialist study services|You want to understand how a remote information-gathering process handles property-specific details.|Ask how photographs, plans, renovation invoices, and unusual assets are evaluated.|Which records are needed beyond square footage and purchase price?
cherry-bekaert|national|tax and advisory services across industries and specialized business needs|Businesses seeking a broad accounting and advisory relationship|Your company needs both owner tax planning and specialized advisory work tied to its industry.|Ask which team handles the owner's planning and whether that work has a separate scope.|Will the proposal include my personal planning as well as company services?
deloitte-tax|national|business tax, international tax, private-client, and other specialized tax services|Organizations and private clients needing broad technical capabilities|You are comparing a specialist planning engagement with a broader tax relationship involving several technical teams.|Ask which actual team will deliver the owner-level work and how the engagement coordinates specialists.|What work is handled by the core team versus separate specialists?
kpmg|national|tax services across business, private-enterprise, state, international, and transaction needs|Businesses evaluating a large-firm tax relationship|Your company has a transaction or multijurisdictional issue alongside personal planning needs.|Ask whether the owner-level project can be scoped separately and which specialist services are required.|Can the proposal distinguish the transaction project from recurring compliance?
advise-re|realestate|real estate tax planning, preparation, and related advisory services|Owners, investors, and developers seeking real estate-oriented tax advice|You are operating a property business while managing personally held rentals and a potential sale.|Ask how operational property decisions and investor-level planning enter the same review.|Will the engagement compare holding, refinancing, and selling scenarios?
1099-tax-doctor|medical|tax planning resources and services for independent medical professionals|1099 physicians evaluating their business and personal tax position|You are moving from employee work to independent contracting and need an organized review of the new responsibilities.|Ask how entity, payroll, retirement, and quarterly-payment decisions are sequenced.|What should be decided before the first year of contracting ends?
aprio|national|tax and broader business advisory services|Businesses seeking a wider accounting and advisory relationship|Your business needs specialized services while your household needs a clearly defined tax-planning project.|Ask which services are provided by the assigned team and what personal planning deliverables are included.|Who is responsible for connecting business advice to my household return?
basis-cost-segregation|software|a technology-supported residential cost segregation workflow|Residential investors evaluating an app-based study process|You want to compare a residential study workflow with a full review of your ability to use the resulting deductions.|Ask which property types the product supports and who evaluates reporting and owner-level eligibility.|Does the service include analysis of my ability to use the deduction?
beach-life-cpa|business|nationwide accounting and tax services, including support for high-income professionals|Professionals and owners considering a remote tax relationship|Your compensation includes equity and you also have side-business or property income.|Ask which equity events, state issues, and business activities are included in the planning scope.|Will the analysis connect equity compensation with my other income?
bracket-partners|strategy|tax planning and advisory services|Owners comparing a planning-focused advisory relationship|You want a tax plan that can be used by the professionals already supporting your business.|Ask what written deliverables are supplied and how coordination with existing advisers works.|Can the plan be implemented with my current CPA and bookkeeper?
bright-hill-advisors|realestate|tax and advisory support for owners, professionals, and real estate investors|Clients seeking planning across an operating business and investments|You operate a service business and are buying investment property in a separate entity.|Ask whether the engagement evaluates both activities and the household-level effect.|Will the business and rental recommendations use the same income forecast?
cpa-rod|realestate|business and real estate tax planning and preparation|Owners and property investors seeking an integrated tax relationship|You need a business return and personal return to reflect the same planning assumptions.|Ask how the proposal coordinates entity filings, depreciation schedules, and personal estimates.|Who checks that all returns reflect the agreed plan?
compass-cpa|realestate|real estate accounting, advisory, and related tax services|Developers, syndicators, and property businesses needing finance support|Your property entities need accounting discipline while you need owner-level planning on distributions and investments.|Ask how entity reporting, investor information, and personal planning are separated and connected.|What records are ready before the investor-level planning review?
cost-seg-atlas|software|educational cost segregation analyses and optional technical-review services|Owners exploring a preliminary analysis before purchasing a formal study|You are evaluating a tool that expressly distinguishes an educational analysis from a signed technical study.|Ask what document you receive, what review upgrades are available, and whether your CPA will accept the deliverable.|Am I buying an educational analysis or an implementation-ready study?
cost-segregation-authority|costseg|cost segregation and related specialty property-tax services|Owners comparing a property-focused specialty tax provider|You want a study but also need to understand what related services the proposal actually includes.|Ask which property-tax projects, reporting tasks, and support terms are expressly included.|Does the quote include any work beyond the property study?
cost-segregation-guys|costseg|cost segregation and related services, including Form 3115 and energy-related work|Property owners seeking a specialist for studies and associated technical tasks|Your property was acquired in an earlier year and the implementation question may differ from a current acquisition.|Ask how older-property studies and any accounting-method work are coordinated with the return preparer.|Who is responsible for determining and preparing the reporting method?
costseg-express|software|a fast digital cost segregation workflow marketed to rental owners|Short-term rental owners prioritizing study delivery speed|You want a quick report but have not yet established how rental-activity rules affect your tax position.|Ask how the report is reviewed and arrange a separate facts-based eligibility analysis before relying on projected savings.|Who evaluates participation and deduction usability before I rely on the estimate?
costsegez|software|an online cost segregation reporting workflow|Investors considering a streamlined digital report process|You are comparing convenient online delivery with the amount of property documentation your situation requires.|Ask what review occurs when renovation costs or property details do not fit standard inputs.|How are unusual property features and renovations reviewed?
costsegrx|costseg|cost segregation studies with a published FAQ addressing scope and required inputs|Owners who want to understand study requirements before ordering|Your land allocation and existing depreciation records need attention before a study can be implemented.|Ask which basis inputs you must supply and which analyses are outside the study's stated scope.|Who is responsible for reviewing the land allocation?
costsegregation-com|software|self-guided cost segregation software for eligible property projects|Owners considering a software-led approach to organizing a study|You have a straightforward property but want your CPA to evaluate whether the software output suits the project.|Ask about supported property types, input requirements, professional review, and CPA handoff.|Will my CPA review the proposed output before I purchase?
crescent-cpa-advisors|business|tax and accounting advisory for business owners and real estate investors|Owners seeking a coordinated business and household tax relationship|Your business and rental activity are profitable, but current projections do not show their combined effect.|Ask how often forecasts are refreshed and what the engagement includes for each entity.|Will the planning model incorporate both business profit and rental results?
duffy-duffy-cost-segregation|costseg|engineering-based cost segregation with property-study services across states|Commercial and residential owners comparing a technical study provider|You have construction plans and invoices and want to know how a detailed technical review would use them.|Ask which site information and cost records support the study and what deliverables reach the CPA.|How will construction records affect the study methodology?
duncan-carter-tax-advisory|medical|tax advisory for independent physicians and related professional-income situations|Physicians with self-employment income or partnership-related compensation|Your compensation includes a K-1 or independent practice income and you need to understand the reporting relationships.|Ask what information must be obtained from the practice or partnership before personalized planning.|Which compensation records are needed to model my tax position?
elite-consulting-pc|realestate|tax and advisory services for business owners and real estate investors|Owners evaluating planning across business, rentals, and retirement decisions|You want to purchase a rental without losing sight of operating-business liquidity and retirement goals.|Ask how the proposed plan models the cash commitments associated with each recommendation.|Will the plan show cash needs alongside estimated tax effects?
firm1040|resolution|tax preparation, planning, and resolution services|Owners and high-income clients who may need both compliance and planning|You want to improve planning while making sure outstanding filing or notice issues are addressed first.|Ask how the engagement prioritizes compliance deadlines and separates resolution from future planning.|What must be resolved before the new planning work begins?
fluency-tax|business|tax planning and accounting for business owners, including S corporation and real estate situations|Owners seeking a clearer process for coordinating books and tax strategy|You have an S corporation and a rental and need to organize the information required for a useful planning review.|Ask which accounting cleanup tasks must be completed before recommendations are finalized.|Which records are required before the planning model is reliable?
fox-and-company-cpas|medical|accounting and tax services focused on physicians|Medical professionals seeking a practice-informed tax relationship|Your clinical work and outside business or property activity require different records and planning assumptions.|Ask how the engagement covers practice income and outside investments, and confirm current availability directly.|Will the planning scope extend beyond my medical-practice income?
gavtax-advisory-services|realestate|real estate tax planning, cost segregation, bookkeeping, and preparation services|Investors and owners seeking tax advice across property transactions|You are considering a property sale or exchange while also operating a business.|Ask how transaction advice, study work, accounting, and filings are allocated in the proposal.|Who coordinates the transaction timetable with my broader tax forecast?
ics-tax|costseg|cost segregation, fixed-asset, accounting-method, and other specialty tax services|Businesses and advisers seeking technical help with asset-related projects|Your asset records include prior-year changes and a new project that require separate technical analyses.|Ask which fixed-asset and accounting-method tasks are included and what your filing team must supply.|How will the study be reconciled to my existing fixed-asset ledger?
incite-tax|fitness|business tax, bookkeeping, Profit First cash management, and CFO services|Owners seeking operational cash-flow support alongside tax advice|You want a tax plan that fits the cash-management process already used in your business.|Ask how tax reserves and owner allocations are updated as the forecast changes.|How will tax recommendations fit the cash-allocation system?
investor-friendly-cpa|realestate|tax planning and accounting support for investors|Property owners seeking planning that understands investment activity|Your rental portfolio and operating business produce different kinds of income and reporting obligations.|Ask whether the review covers activity-level records and the combined household forecast.|Which properties and business entities are included in the review?
msc-tax|costseg|cost segregation and specialty tax services for real estate and business projects|Owners evaluating technical property and incentive analyses|Your project may involve a study plus another specialty tax service with a different evidence requirement.|Ask for separate deliverables and responsibilities for each technical project.|Which analyses require additional records beyond the study inputs?
maven-cost-segregation|costseg|engineering-oriented cost segregation, Form 3115, and related specialty services|Owners comparing detailed study and reporting-support options|Your existing property has a long depreciation history that must be reconciled before implementation.|Ask how the study team and preparer review prior schedules and determine the reporting steps.|Who validates the old schedules before applying the study results?
mcguire-sponsel|costseg|cost segregation, fixed-asset, research, and other specialty tax advisory services|Businesses seeking project-specific technical tax support|Your company needs a specialist project while owner-level planning remains with another adviser.|Ask how the specialty team communicates assumptions and deliverables to the broader planning team.|What handoff documentation will my existing advisers receive?
my-cost-segregation|costseg|cost segregation services with published pricing and support information|Property owners seeking visibility into study scope and quoted fees|You want to compare a published study price with a proposal that includes additional advisory or reporting work.|Ask what the quoted price includes and whether preparer coordination or reporting work costs extra.|Which deliverables and support terms are covered by the study price?
pwc|national|business, private-company, wealth, international, and other specialized tax services|Private companies and families evaluating a broad tax relationship|Your operating business and family investments need coordination, while some company issues require specialized technical teams.|Ask which private-company or private-client team will own the work and which services need separate statements of work.|Who connects the company's tax projects with the owners' planning?
ey|national|business tax and private-client services, including private-company and family-related tax work|Private clients and businesses comparing specialist teams within a large tax practice|You need owner-level planning but also have trust, company, or transaction matters that may involve different specialists.|Ask which team handles each matter and whether a focused personal planning project can be separately scoped.|Which professionals own the company, trust, and personal work?
rsm|national|assurance, tax, and consulting services focused on middle-market organizations|Middle-market companies evaluating a broader professional-services relationship|Your business needs tax support while your personal income and property holdings need a distinct review.|Ask how middle-market company services and individual owner planning are coordinated.|Can the proposal define the owner's planning project separately?
baker-tilly|national|federal tax compliance and planning alongside broader professional services|Companies comparing a broad tax relationship with a focused owner planning engagement|You are considering recurring company tax support but want to understand the deliverables for a one-time owner review.|Ask how company compliance, specialty projects, and personal planning are separated in the proposal.|Which deliverables apply specifically to my owner-level planning?
bdo|national|business tax consulting and compliance across specialized tax areas|Organizations seeking broad analysis of their tax footprint|Your company has state, transaction, or other technical issues while your household needs actionable planning.|Ask how the broader business tax review produces recommendations that reach the individual owners.|How will company tax findings be incorporated into personal planning?
grant-thornton|national|business tax services and planning resources for business, international, and individual taxpayers|Businesses evaluating a broader tax and advisory team|You need support for a complex company project but want a clear planning scope for its owners.|Ask which individual planning work is included and how the team handles coordination across engagements.|What owner-level analysis is included in the company's proposal?
cbiz|national|business tax, family wealth, state and local, international, controversy, and transaction services|Businesses and owners seeking several professional services together|Your business and family need different kinds of advice and you want one transparent view of the work and fees.|Ask for separate scopes for business tax, family-related work, and any transaction or controversy project.|Which services are essential now and which can be deferred?
forvis-mazars|national|tax compliance and consulting, including federal specialty and state and local services|Businesses seeking a multidisciplinary tax relationship|Your organization needs recurring compliance and a specialized project while the owners need their own planning review.|Ask how recurring compliance, specialty consulting, and personal planning are assigned and priced.|Who coordinates the specialty project's results with the owner tax plan?
